{'left': 1696, 'right': 1661}, 0.0
{'left': 1696, 'right': 1661}, 0.015958786010742188
{'left': 1696, 'right': 1661}, 0.03191518783569336
{'left': 1696, 'right': 1661}, 0.047872304916381836
{'left': 1696, 'right': 1661}, 0.06283307075500488
{'left': 1696, 'right': 1661}, 0.07779121398925781
{'left': 1696, 'right': 1661}, 0.09275245666503906
{'left': 1696, 'right': 1661}, 0.1077125072479248
{'left': 1696, 'right': 1661}, 0.12270545959472656
{'left': 1696, 'right': 1661}, 0.1376335620880127
{'left': 1696, 'right': 1661}, 0.15359187126159668
{'left': 1696, 'right': 1661}, 0.16855216026306152
{'left': 1697, 'right': 1662}, 0.18350887298583984
{'left': 1697, 'right': 1662}, 0.19946956634521484
{'left': 1697, 'right': 1662}, 0.2154242992401123
{'left': 1722, 'right': 1689}, 0.2313847541809082
{'left': 1722, 'right': 1689}, 0.2473456859588623
{'left': 1722, 'right': 1689}, 0.26329708099365234
{'left': 1774, 'right': 1740}, 0.27925562858581543
{'left': 1774, 'right': 1740}, 0.2952098846435547
{'left': 1774, 'right': 1740}, 0.31116771697998047
{'left': 1878, 'right': 1844}, 0.3271613121032715
{'left': 1878, 'right': 1844}, 0.34308385848999023
{'left': 1878, 'right': 1844}, 0.3590734004974365
{'left': 1957, 'right': 1919}, 0.3749980926513672
{'left': 1957, 'right': 1919}, 0.39095640182495117
{'left': 2039, 'right': 2001}, 0.40691399574279785
{'left': 2039, 'right': 2001}, 0.4228687286376953
{'left': 2039, 'right': 2001}, 0.4388270378112793
{'left': 2039, 'right': 2001}, 0.45378637313842773
{'left': 2162, 'right': 2124}, 0.4687490463256836
{'left': 2162, 'right': 2124}, 0.48470640182495117
{'left': 2162, 'right': 2124}, 0.5006611347198486
{'left': 2162, 'right': 2124}, 0.5156211853027344
{'left': 2247, 'right': 2206}, 0.530580997467041
{'left': 2247, 'right': 2206}, 0.5465404987335205
{'left': 2247, 'right': 2206}, 0.5624983310699463
{'left': 2371, 'right': 2331}, 0.5784528255462646
{'left': 2371, 'right': 2331}, 0.5944104194641113
{'left': 2371, 'right': 2331}, 0.609372615814209
{'left': 2452, 'right': 2414}, 0.6243305206298828
{'left': 2452, 'right': 2414}, 0.6402885913848877
{'left': 2540, 'right': 2500}, 0.6562449932098389
{'left': 2540, 'right': 2500}, 0.6722025871276855
{'left': 2540, 'right': 2500}, 0.6881599426269531
{'left': 2540, 'right': 2500}, 0.7041170597076416
{'left': 2540, 'right': 2500}, 0.7200732231140137
{'left': 2540, 'right': 2500}, 0.7360310554504395
{'left': 2627, 'right': 2588}, 0.7519898414611816
{'left': 2627, 'right': 2588}, 0.7679457664489746
{'left': 2756, 'right': 2715}, 0.7829060554504395
{'left': 2756, 'right': 2715}, 0.798863410949707
{'left': 2756, 'right': 2715}, 0.8138234615325928
{'left': 2842, 'right': 2802}, 0.8288147449493408
{'left': 2842, 'right': 2802}, 0.8437793254852295
{'left': 2927, 'right': 2887}, 0.8587355613708496
{'left': 2927, 'right': 2887}, 0.873664140701294
{'left': 2927, 'right': 2887}, 0.888624906539917
{'left': 2927, 'right': 2887}, 0.9045825004577637
{'left': 3050, 'right': 3011}, 0.9195413589477539
{'left': 3050, 'right': 3011}, 0.934502124786377
{'left': 3050, 'right': 3011}, 0.9504570960998535
{'left': 3136, 'right': 3097}, 0.9664151668548584
{'left': 3136, 'right': 3097}, 0.981374979019165
{'left': 3136, 'right': 3097}, 0.9963345527648926
{'left': 3136, 'right': 3097}, 1.0122931003570557
{'left': 3262, 'right': 3220}, 1.0282504558563232
{'left': 3262, 'right': 3220}, 1.0432100296020508
{'left': 3262, 'right': 3220}, 1.0581691265106201
{'left': 3346, 'right': 3304}, 1.074127197265625
{'left': 3346, 'right': 3304}, 1.090085506439209
{'left': 3427, 'right': 3386}, 1.1060411930084229
{'left': 3427, 'right': 3386}, 1.1210026741027832
{'left': 3427, 'right': 3386}, 1.1359608173370361
{'left': 3427, 'right': 3386}, 1.150921106338501
{'left': 3427, 'right': 3386}, 1.1658821105957031
{'left': 3555, 'right': 3512}, 1.181838035583496
{'left': 3555, 'right': 3512}, 1.19679856300354
{'left': 3555, 'right': 3512}, 1.2117583751678467
{'left': 3555, 'right': 3512}, 1.2267184257507324
{'left': 3636, 'right': 3594}, 1.241678237915039
{'left': 3636, 'right': 3594}, 1.2576351165771484
{'left': 3717, 'right': 3676}, 1.2735939025878906
{'left': 3717, 'right': 3676}, 1.289550542831421
{'left': 3717, 'right': 3676}, 1.3055076599121094
{'left': 3717, 'right': 3676}, 1.3214654922485352
{'left': 3845, 'right': 3807}, 1.3374216556549072
{'left': 3932, 'right': 3897}, 1.3533802032470703
{'left': 3932, 'right': 3897}, 1.3693389892578125
{'left': 3932, 'right': 3897}, 1.3832998275756836
{'left': 3932, 'right': 3897}, 1.398261308670044
{'left': 3932, 'right': 3897}, 1.4132204055786133
{'left': 4019, 'right': 3979}, 1.4291770458221436
{'left': 4019, 'right': 3979}, 1.445134162902832
{'left': 4148, 'right': 4111}, 1.4600956439971924
{'left': 4148, 'right': 4111}, 1.47505521774292
{'left': 4148, 'right': 4111}, 1.491011619567871
{'left': 4228, 'right': 4190}, 1.5069694519042969
{'left': 4228, 'right': 4190}, 1.5229260921478271
{'left': 4228, 'right': 4190}, 1.5388836860656738
{'left': 4228, 'right': 4190}, 1.554842472076416
{'left': 4313, 'right': 4276}, 1.5707981586456299
{'left': 4313, 'right': 4276}, 1.5867550373077393
{'left': 4313, 'right': 4276}, 1.6027123928070068
{'left': 4442, 'right': 4405}, 1.6186697483062744
{'left': 4442, 'right': 4405}, 1.634627103805542
{'left': 4520, 'right': 4480}, 1.6495866775512695
{'left': 4520, 'right': 4480}, 1.6645493507385254
{'left': 4520, 'right': 4480}, 1.6805081367492676
{'left': 4520, 'right': 4480}, 1.696465015411377
{'left': 4605, 'right': 4566}, 1.7124207019805908
{'left': 4605, 'right': 4566}, 1.7273800373077393
{'left': 4605, 'right': 4566}, 1.7423393726348877
{'left': 4605, 'right': 4566}, 1.7572991847991943
{'left': 4605, 'right': 4566}, 1.7722587585449219
{'left': 4730, 'right': 4691}, 1.7882168292999268
{'left': 4730, 'right': 4691}, 1.8031773567199707
{'left': 4730, 'right': 4691}, 1.81813645362854
{'left': 4816, 'right': 4774}, 1.8330955505371094
{'left': 4816, 'right': 4774}, 1.8480560779571533
{'left': 4816, 'right': 4774}, 1.864013433456421
{'left': 4900, 'right': 4861}, 1.8789727687835693
{'left': 4900, 'right': 4861}, 1.893932819366455
{'left': 4900, 'right': 4861}, 1.9088926315307617
{'left': 5025, 'right': 4986}, 1.9238531589508057
{'left': 5025, 'right': 4986}, 1.9388132095336914
{'left': 5025, 'right': 4986}, 1.9537725448608398
{'left': 5109, 'right': 5073}, 1.9687328338623047
{'left': 5109, 'right': 5073}, 1.9836926460266113
{'left': 5109, 'right': 5073}, 1.998652458190918
{'left': 5109, 'right': 5073}, 2.01361346244812
{'left': 5195, 'right': 5161}, 2.0295698642730713
{'left': 5195, 'right': 5161}, 2.045527935028076
{'left': 5324, 'right': 5286}, 2.0614845752716064
{'left': 5324, 'right': 5286}, 2.0774424076080322
{'left': 5324, 'right': 5286}, 2.0933990478515625
{'left': 5410, 'right': 5376}, 2.1083598136901855
{'left': 5410, 'right': 5376}, 2.1233208179473877
{'left': 5410, 'right': 5376}, 2.138312339782715
{'left': 5410, 'right': 5376}, 2.153272867202759
{'left': 5410, 'right': 5376}, 2.168199062347412
{'left': 5410, 'right': 5376}, 2.183187246322632
{'left': 5496, 'right': 5460}, 2.1981194019317627
{'left': 5496, 'right': 5460}, 2.214076519012451
{'left': 5623, 'right': 5588}, 2.2290382385253906
{'left': 5623, 'right': 5588}, 2.2439980506896973
{'left': 5623, 'right': 5588}, 2.2589571475982666
{'left': 5710, 'right': 5674}, 2.273916244506836
{'left': 5710, 'right': 5674}, 2.2898733615875244
{'left': 5710, 'right': 5674}, 2.3058316707611084
{'left': 5792, 'right': 5754}, 2.3207907676696777
{'left': 5792, 'right': 5754}, 2.335751533508301
{'left': 5792, 'right': 5754}, 2.351707935333252
{'left': 5792, 'right': 5754}, 2.3676655292510986
{'left': 5921, 'right': 5880}, 2.383622646331787
{'left': 6006, 'right': 5965}, 2.3995800018310547
{'left': 6006, 'right': 5965}, 2.4155383110046387
{'left': 6006, 'right': 5965}, 2.43149471282959
{'left': 6006, 'right': 5965}, 2.4474520683288574
{'left': 6006, 'right': 5965}, 2.463409662246704
{'left': 6086, 'right': 6043}, 2.479367256164551
{'left': 6086, 'right': 6043}, 2.495323896408081
{'left': 6210, 'right': 6168}, 2.511281967163086
{'left': 6210, 'right': 6168}, 2.5272390842437744
{'left': 6210, 'right': 6168}, 2.543196439743042
{'left': 6210, 'right': 6168}, 2.5591540336608887
{'left': 6287, 'right': 6246}, 2.575111150741577
{'left': 6287, 'right': 6246}, 2.591069459915161
{'left': 6287, 'right': 6246}, 2.6070265769958496
{'left': 6287, 'right': 6246}, 2.6229851245880127
{'left': 6414, 'right': 6377}, 2.637944459915161
{'left': 6414, 'right': 6377}, 2.6529033184051514
{'left': 6502, 'right': 6465}, 2.668861150741577
{'left': 6502, 'right': 6465}, 2.6848185062408447
{'left': 6588, 'right': 6549}, 2.700774669647217
{'left': 6588, 'right': 6549}, 2.7157349586486816
{'left': 6588, 'right': 6549}, 2.7306954860687256
{'left': 6588, 'right': 6549}, 2.745657444000244
{'left': 6588, 'right': 6549}, 2.7606148719787598
{'left': 6588, 'right': 6549}, 2.776573657989502
{'left': 6713, 'right': 6673}, 2.792530059814453
{'left': 6713, 'right': 6673}, 2.8084876537323
{'left': 6797, 'right': 6757}, 2.82444429397583
{'left': 6797, 'right': 6757}, 2.8404290676116943
{'left': 6797, 'right': 6757}, 2.856358766555786
{'left': 6797, 'right': 6757}, 2.87231707572937
{'left': 6921, 'right': 6880}, 2.888273000717163
{'left': 6921, 'right': 6880}, 2.9042325019836426
{'left': 7006, 'right': 6965}, 2.9201886653900146
{'left': 7006, 'right': 6965}, 2.9361445903778076
{'left': 7006, 'right': 6965}, 2.95210337638855
{'left': 7089, 'right': 7047}, 2.968060255050659
{'left': 7089, 'right': 7047}, 2.9840176105499268
{'left': 7089, 'right': 7047}, 2.9999749660491943
{'left': 7214, 'right': 7168}, 3.0149357318878174
{'left': 7214, 'right': 7168}, 3.029895782470703
{'left': 7214, 'right': 7168}, 3.044853925704956
{'left': 7296, 'right': 7253}, 3.060811758041382
{'left': 7296, 'right': 7253}, 3.0767693519592285
{'left': 7296, 'right': 7253}, 3.0927274227142334
{'left': 7296, 'right': 7253}, 3.1076860427856445
{'left': 7382, 'right': 7336}, 3.1226465702056885
{'left': 7382, 'right': 7336}, 3.137605667114258
{'left': 7382, 'right': 7336}, 3.152567148208618
{'left': 7382, 'right': 7336}, 3.1685237884521484
{'left': 7508, 'right': 7464}, 3.184481382369995
{'left': 7508, 'right': 7464}, 3.2004377841949463
{'left': 7508, 'right': 7464}, 3.216395854949951
{'left': 7587, 'right': 7543}, 3.2323522567749023
{'left': 7587, 'right': 7543}, 3.248310089111328
{'left': 7672, 'right': 7630}, 3.263270616531372
{'left': 7672, 'right': 7630}, 3.2782294750213623
{'left': 7672, 'right': 7630}, 3.293189764022827
{'left': 7672, 'right': 7630}, 3.3081510066986084
{'left': 7800, 'right': 7759}, 3.324108362197876
{'left': 7800, 'right': 7759}, 3.340064525604248
{'left': 7800, 'right': 7759}, 3.355025053024292
{'left': 7885, 'right': 7842}, 3.3699848651885986
{'left': 7885, 'right': 7842}, 3.3849472999572754
{'left': 7885, 'right': 7842}, 3.3999054431915283
{'left': 8007, 'right': 7969}, 3.4158613681793213
{'left': 8007, 'right': 7969}, 3.4318201541900635
{'left': 8007, 'right': 7969}, 3.4477765560150146
{'left': 8090, 'right': 8052}, 3.463733196258545
{'left': 8090, 'right': 8052}, 3.47969126701355
{'left': 8090, 'right': 8052}, 3.4946508407592773
{'left': 8171, 'right': 8133}, 3.509610652923584
{'left': 8171, 'right': 8133}, 3.5255684852600098
{'left': 8171, 'right': 8133}, 3.54152512550354
{'left': 8294, 'right': 8257}, 3.557482957839966
{'left': 8294, 'right': 8257}, 3.5734684467315674
{'left': 8294, 'right': 8257}, 3.5893988609313965
{'left': 8294, 'right': 8257}, 3.605355978012085
{'left': 8378, 'right': 8339}, 3.6213135719299316
{'left': 8378, 'right': 8339}, 3.637270927429199
{'left': 8378, 'right': 8339}, 3.6532278060913086
{'left': 8464, 'right': 8423}, 3.6691856384277344
{'left': 8464, 'right': 8423}, 3.684143304824829
{'left': 8464, 'right': 8423}, 3.699104070663452
{'left': 8590, 'right': 8549}, 3.7150607109069824
{'left': 8590, 'right': 8549}, 3.73101806640625
{'left': 8590, 'right': 8549}, 3.747009038925171
{'left': 8674, 'right': 8632}, 3.7619359493255615
{'left': 8674, 'right': 8632}, 3.776897430419922
{'left': 8674, 'right': 8632}, 3.7918572425842285
{'left': 8674, 'right': 8632}, 3.8068172931671143
{'left': 8756, 'right': 8714}, 3.821777105331421
{'left': 8756, 'right': 8714}, 3.836768865585327
{'left': 8756, 'right': 8714}, 3.8526930809020996
{'left': 8756, 'right': 8714}, 3.867652654647827
{'left': 8878, 'right': 8839}, 3.882612466812134
{'left': 8878, 'right': 8839}, 3.8985700607299805
{'left': 8960, 'right': 8924}, 3.9135324954986572
{'left': 8960, 'right': 8924}, 3.928523302078247
{'left': 8960, 'right': 8924}, 3.943483352661133
{'left': 8960, 'right': 8924}, 3.9584097862243652
{'left': 9088, 'right': 9048}, 3.9743690490722656
{'left': 9088, 'right': 9048}, 3.990326404571533
{'left': 9176, 'right': 9136}, 4.00528621673584
{'left': 9176, 'right': 9136}, 4.020246267318726
{'left': 9176, 'right': 9136}, 4.0352044105529785
{'left': 9176, 'right': 9136}, 4.050166368484497
{'left': 9261, 'right': 9225}, 4.0661232471466064
{'left': 9261, 'right': 9225}, 4.08108377456665
{'left': 9261, 'right': 9225}, 4.096043348312378
{'left': 9261, 'right': 9225}, 4.111999034881592
{'left': 9386, 'right': 9348}, 4.126960754394531
{'left': 9386, 'right': 9348}, 4.141920328140259
{'left': 9386, 'right': 9348}, 4.1568803787231445
{'left': 9471, 'right': 9436}, 4.1718409061431885
{'left': 9471, 'right': 9436}, 4.187798023223877
{'left': 9471, 'right': 9436}, 4.203753471374512
{'left': 9471, 'right': 9436}, 4.2197394371032715
{'left': 9558, 'right': 9520}, 4.235667943954468
{'left': 9558, 'right': 9520}, 4.250657796859741
{'left': 9684, 'right': 9646}, 4.265589714050293
{'left': 9684, 'right': 9646}, 4.281576871871948
{'left': 9684, 'right': 9646}, 4.297502756118774
{'left': 9770, 'right': 9731}, 4.312462568283081
{'left': 9770, 'right': 9731}, 4.3274242877960205
{'left': 9770, 'right': 9731}, 4.343379974365234
{'left': 9854, 'right': 9814}, 4.358339786529541
{'left': 9854, 'right': 9814}, 4.373300552368164
{'left': 9854, 'right': 9814}, 4.388260364532471
{'left': 9854, 'right': 9814}, 4.4032206535339355
{'left': 9938, 'right': 9895}, 4.419180154800415
{'left': 9938, 'right': 9895}, 4.435134410858154
{'left': 10067, 'right': 10024}, 4.451094627380371
{'left': 10067, 'right': 10024}, 4.4670491218566895
{'left': 10067, 'right': 10024}, 4.482009649276733
{'left': 10067, 'right': 10024}, 4.496968984603882
{'left': 10067, 'right': 10024}, 4.512927293777466
{'left': 10150, 'right': 10107}, 4.527886390686035
{'left': 10150, 'right': 10107}, 4.542846918106079
{'left': 10235, 'right': 10194}, 4.557806491851807
{'left': 10235, 'right': 10194}, 4.572767019271851
{'left': 10235, 'right': 10194}, 4.588725566864014
{'left': 10235, 'right': 10194}, 4.6047163009643555
{'left': 10365, 'right': 10324}, 4.620638370513916
{'left': 10365, 'right': 10324}, 4.635599851608276
{'left': 10365, 'right': 10324}, 4.650558233261108
{'left': 10451, 'right': 10409}, 4.665554046630859
{'left': 10451, 'right': 10409}, 4.6804797649383545
{'left': 10451, 'right': 10409}, 4.696437358856201
{'left': 10451, 'right': 10409}, 4.71239447593689
{'left': 10577, 'right': 10536}, 4.728349924087524
{'left': 10577, 'right': 10536}, 4.744335889816284
{'left': 10577, 'right': 10536}, 4.760264873504639
{'left': 10660, 'right': 10621}, 4.776221990585327
{'left': 10660, 'right': 10621}, 4.792179822921753
{'left': 10660, 'right': 10621}, 4.808136701583862
{'left': 10746, 'right': 10705}, 4.824095726013184
{'left': 10746, 'right': 10705}, 4.840051174163818
{'left': 10746, 'right': 10705}, 4.856042146682739
{'left': 10746, 'right': 10705}, 4.871999263763428
{'left': 10873, 'right': 10830}, 4.887923240661621
{'left': 10873, 'right': 10830}, 4.903880596160889
{'left': 10958, 'right': 10915}, 4.918840646743774
{'left': 10958, 'right': 10915}, 4.933801174163818
{'left': 10958, 'right': 10915}, 4.949758291244507
{'left': 11042, 'right': 10999}, 4.965714931488037
{'left': 11042, 'right': 10999}, 4.980676889419556
{'left': 11042, 'right': 10999}, 4.995636940002441
{'left': 11042, 'right': 10999}, 5.011594295501709
{'left': 11128, 'right': 11083}, 5.027549743652344
{'left': 11128, 'right': 11083}, 5.043508768081665
{'left': 11128, 'right': 11083}, 5.059466123580933
{'left': 11254, 'right': 11209}, 5.075421571731567
{'left': 11254, 'right': 11209}, 5.090383529663086
{'left': 11254, 'right': 11209}, 5.10534143447876
{'left': 11340, 'right': 11294}, 5.120303392410278
{'left': 11340, 'right': 11294}, 5.135290145874023
{'left': 11340, 'right': 11294}, 5.15121865272522
{'left': 11421, 'right': 11378}, 5.166215658187866
{'left': 11421, 'right': 11378}, 5.181172132492065
{'left': 11421, 'right': 11378}, 5.1961328983306885
{'left': 11546, 'right': 11502}, 5.211058855056763
{'left': 11546, 'right': 11502}, 5.227046966552734
{'left': 11546, 'right': 11502}, 5.242975234985352
{'left': 11546, 'right': 11502}, 5.25896143913269
{'left': 11633, 'right': 11591}, 5.274889707565308
{'left': 11633, 'right': 11591}, 5.290845155715942
{'left': 11633, 'right': 11591}, 5.30683445930481
{'left': 11633, 'right': 11591}, 5.322760105133057
{'left': 11762, 'right': 11720}, 5.338719129562378
{'left': 11762, 'right': 11720}, 5.354676246643066
{'left': 11848, 'right': 11806}, 5.370631694793701
{'left': 11848, 'right': 11806}, 5.386619806289673
{'left': 11848, 'right': 11806}, 5.402548313140869
{'left': 11929, 'right': 11891}, 5.418503761291504
{'left': 11929, 'right': 11891}, 5.43346381187439
{'left': 11929, 'right': 11891}, 5.448425531387329
{'left': 12059, 'right': 12021}, 5.463385581970215
{'left': 12059, 'right': 12021}, 5.478374719619751
{'left': 12059, 'right': 12021}, 5.494302749633789
{'left': 12059, 'right': 12021}, 5.510260105133057
{'left': 12143, 'right': 12103}, 5.5262157917022705
{'left': 12143, 'right': 12103}, 5.542206525802612
{'left': 12143, 'right': 12103}, 5.55816388130188
{'left': 12228, 'right': 12186}, 5.574087858200073
{'left': 12228, 'right': 12186}, 5.590046644210815
{'left': 12228, 'right': 12186}, 5.6060357093811035
{'left': 12351, 'right': 12310}, 5.621959447860718
{'left': 12351, 'right': 12310}, 5.637945175170898
{'left': 12351, 'right': 12310}, 5.653902769088745
{'left': 12351, 'right': 12310}, 5.6698315143585205
{'left': 12351, 'right': 12310}, 5.685817241668701
{'left': 12351, 'right': 12310}, 5.7017481327056885
{'left': 12351, 'right': 12310}, 5.717705249786377
{'left': 12351, 'right': 12310}, 5.732665061950684
{'left': 12435, 'right': 12393}, 5.7476232051849365
{'left': 12435, 'right': 12393}, 5.762585163116455
{'left': 12435, 'right': 12393}, 5.777543306350708
{'left': 12521, 'right': 12479}, 5.792505264282227
{'left': 12521, 'right': 12479}, 5.8074631690979
{'left': 12521, 'right': 12479}, 5.823422431945801
{'left': 12521, 'right': 12479}, 5.839407205581665
{'left': 12729, 'right': 12689}, 5.855336904525757
{'left': 12729, 'right': 12689}, 5.871292591094971
{'left': 12814, 'right': 12778}, 5.887251853942871
{'left': 12814, 'right': 12778}, 5.902246713638306
{'left': 12937, 'right': 12901}, 5.917171478271484
{'left': 12937, 'right': 12901}, 5.933126926422119
{'left': 12937, 'right': 12901}, 5.949084281921387
{'left': 13024, 'right': 12985}, 5.964046955108643
{'left': 13024, 'right': 12985}, 5.979004144668579
{'left': 13024, 'right': 12985}, 5.993966102600098
{'left': 13024, 'right': 12985}, 6.008955001831055
{'left': 13108, 'right': 13070}, 6.023884296417236
{'left': 13108, 'right': 13070}, 6.038879632949829
{'left': 13108, 'right': 13070}, 6.053806304931641
{'left': 13108, 'right': 13070}, 6.0687925815582275
{'left': 13234, 'right': 13196}, 6.084721565246582
{'left': 13317, 'right': 13282}, 6.100680828094482
{'left': 13317, 'right': 13282}, 6.115640878677368
{'left': 13317, 'right': 13282}, 6.130600690841675
{'left': 13317, 'right': 13282}, 6.14655613899231
{'left': 13406, 'right': 13366}, 6.162513494491577
{'left': 13406, 'right': 13366}, 6.177475214004517
{'left': 13406, 'right': 13366}, 6.192435264587402
{'left': 13406, 'right': 13366}, 6.208390712738037
{'left': 13406, 'right': 13366}, 6.224348068237305
{'left': 13406, 'right': 13366}, 6.240307331085205
{'left': 13529, 'right': 13489}, 6.25626277923584
{'left': 13529, 'right': 13489}, 6.271224737167358
{'left': 13614, 'right': 13576}, 6.286184310913086
{'left': 13614, 'right': 13576}, 6.302140235900879
{'left': 13698, 'right': 13658}, 6.318097352981567
{'left': 13698, 'right': 13658}, 6.33405613899231
{'left': 13698, 'right': 13658}, 6.349050283432007
{'left': 13698, 'right': 13658}, 6.363974571228027
{'left': 13819, 'right': 13781}, 6.378965854644775
{'left': 13819, 'right': 13781}, 6.393922567367554
{'left': 13819, 'right': 13781}, 6.409853458404541
{'left': 13900, 'right': 13863}, 6.425837278366089
{'left': 13900, 'right': 13863}, 6.441768169403076
{'left': 13900, 'right': 13863}, 6.457725524902344
{'left': 14025, 'right': 13988}, 6.473709344863892
{'left': 14025, 'right': 13988}, 6.489638566970825
{'left': 14107, 'right': 14071}, 6.504598379135132
{'left': 14107, 'right': 14071}, 6.5195581912994385
{'left': 14107, 'right': 14071}, 6.535517454147339
{'left': 14193, 'right': 14156}, 6.550503730773926
{'left': 14193, 'right': 14156}, 6.5654377937316895
{'left': 14193, 'right': 14156}, 6.580397367477417
{'left': 14193, 'right': 14156}, 6.595357179641724
{'left': 14323, 'right': 14284}, 6.6113128662109375
{'left': 14323, 'right': 14284}, 6.627271890640259
{'left': 14323, 'right': 14284}, 6.642232179641724
{'left': 14323, 'right': 14284}, 6.65719199180603
{'left': 14410, 'right': 14372}, 6.673149347305298
{'left': 14410, 'right': 14372}, 6.689106464385986
{'left': 14496, 'right': 14455}, 6.705061912536621
{'left': 14496, 'right': 14455}, 6.721021413803101
{'left': 14496, 'right': 14455}, 6.736978054046631
{'left': 14496, 'right': 14455}, 6.752935171127319
{'left': 14623, 'right': 14585}, 6.7678937911987305
{'left': 14623, 'right': 14585}, 6.782884836196899
{'left': 14707, 'right': 14667}, 6.798842191696167
{'left': 14707, 'right': 14667}, 6.814768552780151
{'left': 14707, 'right': 14667}, 6.829730272293091
{'left': 14707, 'right': 14667}, 6.844690561294556
{'left': 14793, 'right': 14749}, 6.8606743812561035
{'left': 14793, 'right': 14749}, 6.876636981964111
{'left': 14793, 'right': 14749}, 6.8925604820251465
{'left': 14793, 'right': 14749}, 6.908517599105835
{'left': 14793, 'right': 14749}, 6.924503803253174
{'left': 14922, 'right': 14877}, 6.9404616355896
{'left': 15004, 'right': 14959}, 6.9563915729522705
{'left': 15004, 'right': 14959}, 6.972348690032959
{'left': 15004, 'right': 14959}, 6.988333463668823
{'left': 15090, 'right': 15044}, 7.0042901039123535
{'left': 15090, 'right': 15044}, 7.0202531814575195
{'left': 15090, 'right': 15044}, 7.0362114906311035
{'left': 15090, 'right': 15044}, 7.052136182785034
{'left': 15090, 'right': 15044}, 7.0680928230285645
{'left': 15214, 'right': 15171}, 7.083086967468262
{'left': 15214, 'right': 15171}, 7.098045349121094
{'left': 15295, 'right': 15251}, 7.113968133926392
{'left': 15295, 'right': 15251}, 7.129927158355713
{'left': 15295, 'right': 15251}, 7.145882606506348
{'left': 15382, 'right': 15338}, 7.161869287490845
{'left': 15382, 'right': 15338}, 7.177799224853516
{'left': 15382, 'right': 15338}, 7.19375467300415
{'left': 15382, 'right': 15338}, 7.209712028503418
{'left': 15503, 'right': 15460}, 7.225671291351318
{'left': 15503, 'right': 15460}, 7.241628170013428
{'left': 15503, 'right': 15460}, 7.257611989974976
{'left': 15584, 'right': 15541}, 7.273541212081909
{'left': 15584, 'right': 15541}, 7.28952693939209
{'left': 15584, 'right': 15541}, 7.305457353591919
{'left': 15584, 'right': 15541}, 7.321413278579712
{'left': 15713, 'right': 15671}, 7.3363730907440186
{'left': 15713, 'right': 15671}, 7.351335287094116
{'left': 15798, 'right': 15754}, 7.367290496826172
{'left': 15798, 'right': 15754}, 7.383249521255493
{'left': 15798, 'right': 15754}, 7.399239778518677
{'left': 15798, 'right': 15754}, 7.414198398590088
{'left': 15878, 'right': 15837}, 7.42912483215332
{'left': 15878, 'right': 15837}, 7.444085121154785
{'left': 15878, 'right': 15837}, 7.4590466022491455
{'left': 15999, 'right': 15958}, 7.475003957748413
{'left': 15999, 'right': 15958}, 7.490987777709961
{'left': 15999, 'right': 15958}, 7.5069451332092285
{'left': 16086, 'right': 16042}, 7.522874116897583
{'left': 16086, 'right': 16042}, 7.538833379745483
{'left': 16086, 'right': 16042}, 7.554790735244751
{'left': 16163, 'right': 16124}, 7.570746183395386
{'left': 16163, 'right': 16124}, 7.586705207824707
{'left': 16163, 'right': 16124}, 7.602688789367676
{'left': 16291, 'right': 16249}, 7.6176207065582275
{'left': 16291, 'right': 16249}, 7.632582426071167
{'left': 16291, 'right': 16249}, 7.647540807723999
{'left': 16291, 'right': 16249}, 7.663498878479004
{'left': 16291, 'right': 16249}, 7.678457975387573
{'left': 16291, 'right': 16249}, 7.693452596664429
{'left': 16461, 'right': 16422}, 7.708377838134766
{'left': 16461, 'right': 16422}, 7.723339557647705
{'left': 16461, 'right': 16422}, 7.738299608230591
{'left': 16587, 'right': 16547}, 7.754255533218384
{'left': 16587, 'right': 16547}, 7.770246744155884
{'left': 16587, 'right': 16547}, 7.78617000579834
{'left': 16587, 'right': 16547}, 7.8021557331085205
{'left': 16674, 'right': 16635}, 7.818084478378296
{'left': 16674, 'right': 16635}, 7.834043502807617
{'left': 16674, 'right': 16635}, 7.850000858306885
{'left': 16759, 'right': 16720}, 7.86595892906189
{'left': 16759, 'right': 16720}, 7.881915807723999
{'left': 16759, 'right': 16720}, 7.897871255874634
{'left': 16888, 'right': 16849}, 7.913828372955322
{'left': 16888, 'right': 16849}, 7.9297873973846436
{'left': 16888, 'right': 16849}, 7.945744752883911
{'left': 16888, 'right': 16849}, 7.9617018699646
{'left': 16976, 'right': 16936}, 7.977659463882446
{'left': 16976, 'right': 16936}, 7.993617534637451
{'left': 16976, 'right': 16936}, 8.009572267532349
{'left': 17057, 'right': 17020}, 8.025531530380249
{'left': 17057, 'right': 17020}, 8.04148817062378
{'left': 17057, 'right': 17020}, 8.057446002960205
{'left': 17181, 'right': 17143}, 8.07240605354309
{'left': 17181, 'right': 17143}, 8.087365865707397
{'left': 17181, 'right': 17143}, 8.103323221206665
{'left': 17264, 'right': 17226}, 8.118282794952393
{'left': 17264, 'right': 17226}, 8.133241415023804
{'left': 17264, 'right': 17226}, 8.148202657699585
{'left': 17351, 'right': 17307}, 8.163161516189575
{'left': 17351, 'right': 17307}, 8.179118633270264
{'left': 17351, 'right': 17307}, 8.194080591201782
{'left': 17479, 'right': 17438}, 8.209038734436035
{'left': 17479, 'right': 17438}, 8.223998546600342
{'left': 17479, 'right': 17438}, 8.238958597183228
{'left': 17479, 'right': 17438}, 8.254916429519653
{'left': 17558, 'right': 17517}, 8.2708740234375
{'left': 17558, 'right': 17517}, 8.28583312034607
{'left': 17558, 'right': 17517}, 8.300794839859009
{'left': 17643, 'right': 17602}, 8.315755128860474
{'left': 17643, 'right': 17602}, 8.330749273300171
{'left': 17643, 'right': 17602}, 8.345707893371582
{'left': 17643, 'right': 17602}, 8.360633134841919
{'left': 17770, 'right': 17733}, 8.375592947006226
{'left': 17770, 'right': 17733}, 8.390588760375977
{'left': 17770, 'right': 17733}, 8.406510353088379
{'left': 17854, 'right': 17817}, 8.422496557235718
{'left': 17854, 'right': 17817}, 8.438453674316406
{'left': 17854, 'right': 17817}, 8.454411029815674
{'left': 17940, 'right': 17904}, 8.470341444015503
{'left': 17940, 'right': 17904}, 8.486296892166138
{'left': 17940, 'right': 17904}, 8.502254247665405
{'left': 18069, 'right': 18031}, 8.518211841583252
{'left': 18069, 'right': 18031}, 8.534197330474854
{'left': 18069, 'right': 18031}, 8.550154447555542
{'left': 18155, 'right': 18117}, 8.566112279891968
{'left': 18155, 'right': 18117}, 8.581045389175415
{'left': 18155, 'right': 18117}, 8.596003293991089
{'left': 18243, 'right': 18205}, 8.610963582992554
{'left': 18243, 'right': 18205}, 8.625954151153564
{'left': 18243, 'right': 18205}, 8.64188265800476
{'left': 18371, 'right': 18330}, 8.656842470169067
{'left': 18371, 'right': 18330}, 8.671834230422974
{'left': 18371, 'right': 18330}, 8.686760425567627
{'left': 18371, 'right': 18330}, 8.701720714569092
{'left': 18457, 'right': 18417}, 8.717706203460693
{'left': 18457, 'right': 18417}, 8.733636856079102
{'left': 18457, 'right': 18417}, 8.749592542648315
{'left': 18541, 'right': 18500}, 8.765552282333374
{'left': 18541, 'right': 18500}, 8.781508922576904
{'left': 18541, 'right': 18500}, 8.797466278076172
{'left': 18668, 'right': 18624}, 8.812426328659058
{'left': 18668, 'right': 18624}, 8.82738471031189
{'left': 18668, 'right': 18624}, 8.843341588973999
{'left': 18668, 'right': 18624}, 8.859327554702759
{'left': 18756, 'right': 18711}, 8.875290155410767
{'left': 18756, 'right': 18711}, 8.891246795654297
{'left': 18756, 'right': 18711}, 8.907204151153564
{'left': 18837, 'right': 18793}, 8.92313027381897
{'left': 18837, 'right': 18793}, 8.9391188621521
{'left': 18837, 'right': 18793}, 8.955044984817505
{'left': 18837, 'right': 18793}, 8.9700026512146
{'left': 18964, 'right': 18920}, 8.984962940216064
{'left': 18964, 'right': 18920}, 9.000921964645386
{'left': 19050, 'right': 19005}, 9.01687741279602
{'left': 19050, 'right': 19005}, 9.032836675643921
{'left': 19050, 'right': 19005}, 9.048792123794556
{'left': 19050, 'right': 19005}, 9.064751148223877
{'left': 19135, 'right': 19090}, 9.07973861694336
{'left': 19135, 'right': 19090}, 9.094701051712036
{'left': 19135, 'right': 19090}, 9.109657764434814
{'left': 19265, 'right': 19221}, 9.124589443206787
{'left': 19265, 'right': 19221}, 9.139550924301147
{'left': 19265, 'right': 19221}, 9.154511213302612
{'left': 19350, 'right': 19307}, 9.1704683303833
{'left': 19350, 'right': 19307}, 9.185428380966187
{'left': 19350, 'right': 19307}, 9.200418472290039
{'left': 19435, 'right': 19392}, 9.216343879699707
{'left': 19435, 'right': 19392}, 9.231305599212646
{'left': 19435, 'right': 19392}, 9.246265649795532
{'left': 19562, 'right': 19520}, 9.261252880096436
{'left': 19562, 'right': 19520}, 9.276184558868408
{'left': 19562, 'right': 19520}, 9.292142629623413
{'left': 19562, 'right': 19520}, 9.307101964950562
{'left': 19648, 'right': 19604}, 9.32206130027771
{'left': 19648, 'right': 19604}, 9.337023973464966
{'left': 19648, 'right': 19604}, 9.352978706359863
{'left': 19734, 'right': 19689}, 9.367939233779907
{'left': 19734, 'right': 19689}, 9.382898807525635
{'left': 19734, 'right': 19689}, 9.398857593536377
{'left': 19734, 'right': 19689}, 9.413816213607788
{'left': 19860, 'right': 19816}, 9.429772853851318
{'left': 19860, 'right': 19816}, 9.445730209350586
{'left': 19860, 'right': 19816}, 9.461688041687012
{'left': 19945, 'right': 19899}, 9.477644920349121
{'left': 19945, 'right': 19899}, 9.493602991104126
{'left': 19945, 'right': 19899}, 9.509561777114868
